{
  "Users": [
    {
      "name": "",
      "age": "",
      "fact": ""
    },
    {
      "name": "Max",
      "age": "20",
      "fact": "is writing code right now."
    },
    {
      "name": "Cthulu",
      "age": "infinite",
      "fact": "is the bringer of chaos."
    }
  ],
  "test": [
    {
      "1": "",
      "2": "",
      "3": "",
      "4": "",
      "5": ""
    },
    {
      "1": "a",
      "2": "b",
      "3": "c",
      "4": "d",
      "5": "e"
    },
    {
      "1": "1",
      "2": "2",
      "3": "3",
      "4": "4",
      "5": "5"
    },
    {
      "1": "11",
      "2": "22",
      "3": "33",
      "4": "44",
      "5": "55"
    }
  ]
}